medication_key,drug_name,strength,dosage_form,total_bottles,total_units,lot_count,earliest_expiry
AMLODIPINE_BESYLATE_5MG,Amlodipine Besylate,5mg,tablets,22,6080,2,2028-02-29
AMOXICILLIN_500MG,Amoxicillin,500mg,capsules,26,9800,5,2026-10-31
ATORVASTATIN_CALCIUM_20MG,Atorvastatin Calcium,20mg,tablets,13,1170,3,2027-12-31
IBUPROFEN_200MG,Ibuprofen,200mg,tablets,24,6400,5,2027-08-31
LEVOTHYROXINE_SODIUM_50MCG,Levothyroxine Sodium,50mcg,tablets,26,13260,3,2028-03-31
LISINOPRIL_10MG,Lisinopril,10mg,tablets,5,450,1,2029-02-28
LOSARTAN_POTASSIUM_50MG,Losartan Potassium,50mg,tablets,10,900,1,2027-08-31
METFORMIN_HCL_500MG,Metformin HCl,500mg,tablets,21,17400,5,2026-11-30
OMEPRAZOLE_DR_20MG,Omeprazole DR,20mg,capsules,22,1500,2,2028-01-31
SERTRALINE_HCL_50MG,Sertraline HCl,50mg,tablets,6,180,2,2028-03-31
