receipt_id,shipment_id,arrival_time,distributor,invoice_number,line,medication_key,drug_name,strength,dosage_form,ndc,manufacturer,lot_number,expiry_date,units_per_bottle,bottles_received,units_received,line_status,source_document
RCV-20260902-001-L1,SHP-2026-0001,2026-09-02T08:14-07:00,"Northwind Pharmaceutical Distribution, Inc.",NWPD-INV-3314363,1,AMOXICILLIN_500MG,Amoxicillin,500mg,capsules,94031-9051-15,Halvorsen Labs,HA47I1115,2028-11-30,500,8,4000,SHIPPED,csv/SHP-2026-0001_NWPD.csv
RCV-20260902-001-L2,SHP-2026-0001,2026-09-02T08:14-07:00,"Northwind Pharmaceutical Distribution, Inc.",NWPD-INV-3314363,2,IBUPROFEN_200MG,Ibuprofen,200mg,tablets,94215-7522-03,Pinecrest Pharmaceuticals,PI74E9531,2027-08-31,100,8,800,SHIPPED,csv/SHP-2026-0001_NWPD.csv
RCV-20260902-001-L3,SHP-2026-0001,2026-09-02T08:14-07:00,"Northwind Pharmaceutical Distribution, Inc.",NWPD-INV-3314363,3,LEVOTHYROXINE_SODIUM_50MCG,Levothyroxine Sodium,50mcg,tablets,98007-2153-90,Brightwater Pharma,BR25B1582,2028-10-31,90,6,540,SHIPPED,csv/SHP-2026-0001_NWPD.csv
RCV-20260902-001-L4,SHP-2026-0001,2026-09-02T08:14-07:00,"Northwind Pharmaceutical Distribution, Inc.",NWPD-INV-3314363,4,METFORMIN_HCL_500MG,Metformin HCl,500mg,tablets,95243-7204-30,Brightwater Pharma,BR13F9081,2028-06-30,1000,2,2000,SHIPPED,csv/SHP-2026-0001_NWPD.csv
RCV-20260905-002-L1,SHP-2026-0002,2026-09-05T10:42-07:00,Cascade Rx Wholesale LLC,CSRX-INV-2926196,1,AMOXICILLIN_500MG,Amoxicillin,500mg,capsules,98581-6821-15,Orchid Generics,OR12Q4292,2026-10-31,500,2,1000,SHIPPED,xml/SHP-2026-0002_CSRX.xml
RCV-20260905-002-L2,SHP-2026-0002,2026-09-05T10:42-07:00,Cascade Rx Wholesale LLC,CSRX-INV-2926196,2,AMLODIPINE_BESYLATE_5MG,Amlodipine Besylate,5mg,tablets,94526-8312-90,Keystone Therapeutics,KE54S3474,2028-02-29,90,12,1080,SHIPPED,xml/SHP-2026-0002_CSRX.xml
RCV-20260905-002-L3,SHP-2026-0002,2026-09-05T10:42-07:00,Cascade Rx Wholesale LLC,CSRX-INV-2926196,3,IBUPROFEN_200MG,Ibuprofen,200mg,tablets,96290-8813-03,Orchid Generics,OR19P1207,2028-11-30,100,3,300,SHIPPED,xml/SHP-2026-0002_CSRX.xml
RCV-20260909-003-L1,SHP-2026-0003,2026-09-09T07:55-07:00,Meridian Health Supply Co.,MHSC-INV-5180869,1,LEVOTHYROXINE_SODIUM_50MCG,Levothyroxine Sodium,50mcg,tablets,95615-5141-30,Pinecrest Pharmaceuticals,PI71G8238,2028-03-31,1000,12,12000,SHIPPED,edi/SHP-2026-0003_MHSC.edi
RCV-20260909-003-L2,SHP-2026-0003,2026-09-09T07:55-07:00,Meridian Health Supply Co.,MHSC-INV-5180869,2,LOSARTAN_POTASSIUM_50MG,Losartan Potassium,50mg,tablets,95232-4042-90,Orchid Generics,OR71T4994,2027-08-31,90,10,900,SHIPPED,edi/SHP-2026-0003_MHSC.edi
RCV-20260909-003-L3,SHP-2026-0003,2026-09-09T07:55-07:00,Meridian Health Supply Co.,MHSC-INV-5180869,3,OMEPRAZOLE_DR_20MG,Omeprazole DR,20mg,capsules,99997-2643-30,Orchid Generics,OR92Q6889,2028-01-31,30,10,300,SHIPPED,edi/SHP-2026-0003_MHSC.edi
RCV-20260909-003-L4,SHP-2026-0003,2026-09-09T07:55-07:00,Meridian Health Supply Co.,MHSC-INV-5180869,4,SERTRALINE_HCL_50MG,Sertraline HCl,50mg,tablets,91752-1594-30,Halvorsen Labs,HA31H7058,2028-03-31,30,3,90,PARTIAL,edi/SHP-2026-0003_MHSC.edi
RCV-20260912-004-L1a,SHP-2026-0004,2026-09-12T13:20-07:00,Summit Generics Direct,SGDX-INV-2828434,1a,ATORVASTATIN_CALCIUM_20MG,Atorvastatin Calcium,20mg,tablets,99529-5881-90,Keystone Therapeutics,KE37S1491,2027-12-31,90,5,450,SHIPPED,json/SHP-2026-0004_SGDX.json
RCV-20260912-004-L1b,SHP-2026-0004,2026-09-12T13:20-07:00,Summit Generics Direct,SGDX-INV-2828434,1b,ATORVASTATIN_CALCIUM_20MG,Atorvastatin Calcium,20mg,tablets,99529-5881-90,Keystone Therapeutics,KE20X1025,2028-11-30,90,5,450,SHIPPED,json/SHP-2026-0004_SGDX.json
RCV-20260912-004-L2,SHP-2026-0004,2026-09-12T13:20-07:00,Summit Generics Direct,SGDX-INV-2828434,2,METFORMIN_HCL_500MG,Metformin HCl,500mg,tablets,92601-3812-03,Brightwater Pharma,BR28W6855,2028-07-31,100,4,400,SHIPPED,json/SHP-2026-0004_SGDX.json
RCV-20260912-004-L3,SHP-2026-0004,2026-09-12T13:20-07:00,Summit Generics Direct,SGDX-INV-2828434,3,OMEPRAZOLE_DR_20MG,Omeprazole DR,20mg,capsules,93629-8533-03,Pinecrest Pharmaceuticals,PI56Y6046,2029-01-31,100,12,1200,SHIPPED,json/SHP-2026-0004_SGDX.json
RCV-20260916-005-L1,SHP-2026-0005,2026-09-16T08:03-07:00,"Northwind Pharmaceutical Distribution, Inc.",NWPD-INV-9584781,1,AMLODIPINE_BESYLATE_5MG,Amlodipine Besylate,5mg,tablets,95729-4461-15,Halvorsen Labs,HA12I5679,2028-06-30,500,10,5000,SHIPPED,csv/SHP-2026-0005_NWPD.csv
RCV-20260916-005-L2,SHP-2026-0005,2026-09-16T08:03-07:00,"Northwind Pharmaceutical Distribution, Inc.",NWPD-INV-9584781,2,LISINOPRIL_10MG,Lisinopril,10mg,tablets,98997-1432-90,Halvorsen Labs,HA16E9219,2029-02-28,90,5,450,RECEIVED_WITH_EXCEPTION,csv/SHP-2026-0005_NWPD.csv
RCV-20260916-005-L3,SHP-2026-0005,2026-09-16T08:03-07:00,"Northwind Pharmaceutical Distribution, Inc.",NWPD-INV-9584781,3,IBUPROFEN_200MG,Ibuprofen,200mg,tablets,98611-2563-15,Orchid Generics,OR89M4073,2027-09-30,500,5,2500,SHIPPED,csv/SHP-2026-0005_NWPD.csv
RCV-20260916-005-L4,SHP-2026-0005,2026-09-16T08:03-07:00,"Northwind Pharmaceutical Distribution, Inc.",NWPD-INV-9584781,4,ATORVASTATIN_CALCIUM_20MG,Atorvastatin Calcium,20mg,tablets,96298-2864-90,Brightwater Pharma,BR49I6412,2028-12-31,90,3,270,SHIPPED,csv/SHP-2026-0005_NWPD.csv
RCV-20260919-006-L1,SHP-2026-0006,2026-09-19T11:30-07:00,Cascade Rx Wholesale LLC,CSRX-INV-2210106,1,IBUPROFEN_200MG,Ibuprofen,200mg,tablets,95195-1601-15,Brightwater Pharma,BR83H3455,2028-09-30,500,5,2500,SHIPPED,xml/SHP-2026-0006_CSRX.xml
RCV-20260919-006-L2,SHP-2026-0006,2026-09-19T11:30-07:00,Cascade Rx Wholesale LLC,CSRX-INV-2210106,2,AMOXICILLIN_500MG,Amoxicillin,500mg,capsules,93478-4682-03,Orchid Generics,OR51V3008,2029-03-31,100,8,800,SHIPPED,xml/SHP-2026-0006_CSRX.xml
RCV-20260919-006-L3,SHP-2026-0006,2026-09-19T11:30-07:00,Cascade Rx Wholesale LLC,CSRX-INV-2210106,3,METFORMIN_HCL_500MG,Metformin HCl,500mg,tablets,91260-4363-30,Keystone Therapeutics,KE97I5666,2028-01-31,1000,5,5000,SHIPPED,xml/SHP-2026-0006_CSRX.xml
RCV-20260923-007-L1,SHP-2026-0007,2026-09-23T07:48-07:00,Meridian Health Supply Co.,MHSC-INV-1999864,1,METFORMIN_HCL_500MG,Metformin HCl,500mg,tablets,98265-9391-30,Keystone Therapeutics,KE23P6507,2026-11-30,1000,8,8000,SHIPPED,edi/SHP-2026-0007_MHSC.edi
RCV-20260923-007-L2,SHP-2026-0007,2026-09-23T07:48-07:00,Meridian Health Supply Co.,MHSC-INV-1999864,2,AMOXICILLIN_500MG,Amoxicillin,500mg,capsules,95515-4202-15,Halvorsen Labs,HA81Z6780,2027-10-31,500,6,3000,SHIPPED,edi/SHP-2026-0007_MHSC.edi
RCV-20260923-007-L3,SHP-2026-0007,2026-09-23T07:48-07:00,Meridian Health Supply Co.,MHSC-INV-1999864,3,SERTRALINE_HCL_50MG,Sertraline HCl,50mg,tablets,93129-8133-30,Keystone Therapeutics,KE85I9723,2028-11-30,30,3,90,SHIPPED,edi/SHP-2026-0007_MHSC.edi
RCV-20260923-007-L4,SHP-2026-0007,2026-09-23T07:48-07:00,Meridian Health Supply Co.,MHSC-INV-1999864,4,IBUPROFEN_200MG,Ibuprofen,200mg,tablets,97136-9604-03,Halvorsen Labs,HA48R4546,2028-12-31,100,3,300,SHIPPED,edi/SHP-2026-0007_MHSC.edi
RCV-20260925-008-L1,SHP-2026-0008,2026-09-25T15:05-07:00,Summit Generics Direct,SGDX-INV-4883464,1,LEVOTHYROXINE_SODIUM_50MCG,Levothyroxine Sodium,50mcg,tablets,99098-3571-90,Keystone Therapeutics,KE80B8052,2028-04-30,90,8,720,SHIPPED,json/SHP-2026-0008_SGDX.json
RCV-20260925-008-L2,SHP-2026-0008,2026-09-25T15:05-07:00,Summit Generics Direct,SGDX-INV-4883464,2,METFORMIN_HCL_500MG,Metformin HCl,500mg,tablets,93448-6792-30,Brightwater Pharma,BR12U4828,2028-09-30,1000,2,2000,SHIPPED,json/SHP-2026-0008_SGDX.json
RCV-20260925-008-L3,SHP-2026-0008,2026-09-25T15:05-07:00,Summit Generics Direct,SGDX-INV-4883464,3,AMOXICILLIN_500MG,Amoxicillin,500mg,capsules,95913-8433-15,Orchid Generics,OR23X8315,2028-04-30,500,2,1000,SHIPPED,json/SHP-2026-0008_SGDX.json
